[
  {
    "id": 1,
    "name": "Premier League",
    "country": "England",
    "tier": 1,
    "teams": 20,
    "reputation": 95,
    "prize_money": 150000000
  },
  {
    "id": 2,
    "name": "Championship",
    "country": "England",
    "tier": 2,
    "teams": 24,
    "reputation": 75,
    "prize_money": 50000000
  },
  {
    "id": 3,
    "name": "League One",
    "country": "England",
    "tier": 3,
    "teams": 24,
    "reputation": 65,
    "prize_money": 15000000
  },
  {
    "id": 4,
    "name": "League Two",
    "country": "England",
    "tier": 4,
    "teams": 24,
    "reputation": 55,
    "prize_money": 5000000
  },
  {
    "id": 5,
    "name": "National League",
    "country": "England",
    "tier": 5,
    "teams": 24,
    "reputation": 50,
    "prize_money": 2000000
  },
  {
    "id": 10,
    "name": "La Liga",
    "country": "Spain",
    "tier": 1,
    "teams": 20,
    "reputation": 94,
    "prize_money": 140000000
  },
  {
    "id": 11,
    "name": "La Liga 2",
    "country": "Spain",
    "tier": 2,
    "teams": 22,
    "reputation": 72,
    "prize_money": 45000000
  },
  {
    "id": 12,
    "name": "Segunda B",
    "country": "Spain",
    "tier": 3,
    "teams": 40,
    "reputation": 60,
    "prize_money": 10000000
  },
  {
    "id": 20,
    "name": "Bundesliga",
    "country": "Germany",
    "tier": 1,
    "teams": 18,
    "reputation": 92,
    "prize_money": 130000000
  },
  {
    "id": 21,
    "name": "2. Bundesliga",
    "country": "Germany",
    "tier": 2,
    "teams": 18,
    "reputation": 70,
    "prize_money": 40000000
  },
  {
    "id": 22,
    "name": "3. Liga",
    "country": "Germany",
    "tier": 3,
    "teams": 20,
    "reputation": 58,
    "prize_money": 8000000
  },
  {
    "id": 30,
    "name": "Serie A",
    "country": "Italy",
    "tier": 1,
    "teams": 20,
    "reputation": 90,
    "prize_money": 125000000
  },
  {
    "id": 31,
    "name": "Serie B",
    "country": "Italy",
    "tier": 2,
    "teams": 20,
    "reputation": 68,
    "prize_money": 38000000
  },
  {
    "id": 32,
    "name": "Serie C",
    "country": "Italy",
    "tier": 3,
    "teams": 60,
    "reputation": 56,
    "prize_money": 6000000
  },
  {
    "id": 40,
    "name": "Ligue 1",
    "country": "France",
    "tier": 1,
    "teams": 18,
    "reputation": 88,
    "prize_money": 115000000
  },
  {
    "id": 41,
    "name": "Ligue 2",
    "country": "France",
    "tier": 2,
    "teams": 20,
    "reputation": 66,
    "prize_money": 35000000
  },
  {
    "id": 42,
    "name": "National",
    "country": "France",
    "tier": 3,
    "teams": 18,
    "reputation": 54,
    "prize_money": 5000000
  },
  {
    "id": 50,
    "name": "MLS",
    "country": "USA",
    "tier": 1,
    "teams": 29,
    "reputation": 75,
    "prize_money": 80000000
  },
  {
    "id": 60,
    "name": "Saudi Pro League",
    "country": "Saudi Arabia",
    "tier": 1,
    "teams": 18,
    "reputation": 74,
    "prize_money": 200000000
  },
  {
    "id": 70,
    "name": "Primeira Liga",
    "country": "Portugal",
    "tier": 1,
    "teams": 18,
    "reputation": 82,
    "prize_money": 70000000
  },
  {
    "id": 80,
    "name": "Eredivisie",
    "country": "Netherlands",
    "tier": 1,
    "teams": 18,
    "reputation": 81,
    "prize_money": 65000000
  },
  {
    "id": 90,
    "name": "Belgian Pro League",
    "country": "Belgium",
    "tier": 1,
    "teams": 16,
    "reputation": 78,
    "prize_money": 55000000
  },
  {
    "id": 100,
    "name": "Super Lig",
    "country": "Turkey",
    "tier": 1,
    "teams": 20,
    "reputation": 77,
    "prize_money": 60000000
  }
]
