[
  {
    "id": 1,
    "name": "UEFA Champions League",
    "type": "champions_league",
    "teams": 32,
    "format": "group_stage_knockout",
    "prize_winner": 20000000,
    "reputation": 100,
    "qualification_spots": {
      "Premier League": 4,
      "La Liga": 4,
      "Bundesliga": 4,
      "Serie A": 4,
      "Ligue 1": 3,
      "Primeira Liga": 2,
      "Eredivisie": 1,
      "Belgian Pro League": 1
    }
  },
  {
    "id": 2,
    "name": "UEFA Europa League",
    "type": "europa_league",
    "teams": 32,
    "format": "group_stage_knockout",
    "prize_winner": 8500000,
    "reputation": 88,
    "qualification_spots": {
      "Premier League": 2,
      "La Liga": 2,
      "Bundesliga": 2,
      "Serie A": 2,
      "Ligue 1": 2,
      "Primeira Liga": 2,
      "Eredivisie": 2,
      "Belgian Pro League": 1
    }
  },
  {
    "id": 3,
    "name": "UEFA Conference League",
    "type": "conference_league",
    "teams": 32,
    "format": "group_stage_knockout",
    "prize_winner": 5000000,
    "reputation": 75,
    "qualification_spots": {
      "Premier League": 1,
      "La Liga": 1,
      "Bundesliga": 1,
      "Serie A": 1,
      "Ligue 1": 1,
      "Primeira Liga": 1,
      "Eredivisie": 1,
      "Belgian Pro League": 1
    }
  },
  {
    "id": 4,
    "name": "FA Cup",
    "type": "domestic_cup",
    "country": "England",
    "teams": 64,
    "format": "knockout",
    "prize_winner": 3600000,
    "reputation": 85
  },
  {
    "id": 5,
    "name": "Copa del Rey",
    "type": "domestic_cup",
    "country": "Spain",
    "teams": 64,
    "format": "knockout",
    "prize_winner": 3000000,
    "reputation": 83
  },
  {
    "id": 6,
    "name": "DFB-Pokal",
    "type": "domestic_cup",
    "country": "Germany",
    "teams": 64,
    "format": "knockout",
    "prize_winner": 3500000,
    "reputation": 82
  },
  {
    "id": 7,
    "name": "Coppa Italia",
    "type": "domestic_cup",
    "country": "Italy",
    "teams": 64,
    "format": "knockout",
    "prize_winner": 2800000,
    "reputation": 80
  },
  {
    "id": 8,
    "name": "Coupe de France",
    "type": "domestic_cup",
    "country": "France",
    "teams": 64,
    "format": "knockout",
    "prize_winner": 2500000,
    "reputation": 78
  }
]
